entry_id,config_id,entry_prob,entry_name,config_prob,node_id
176,493447,0.1721249364023122,Qumran Movement,0.0014915498781163767,107
526,493447,1.0,Hmong Christianity,0.0014915498781163767,107
564,493447,1.0,Tribal Christianity (and allied castes) in the Himalayas,0.0014915498781163767,107
176,493446,0.6239910673915189,Qumran Movement,0.005407199095999345,17
927,493446,0.2718292496617775,Zealots,0.005407199095999345,17
182,361350,0.6355221443347777,Pauline Christianity,0.002102858115477923,63
196,361350,0.0689088631391278,Pauline Christianity (ca. 45-60 CE),0.002102858115477923,63
948,361350,0.0810039834342887,Christianity in Ephesus,0.002102858115477923,63
1013,361350,1.0,Estado da Índia Renegades in Deccan,0.002102858115477923,63
196,372614,0.0864667264714997,Pauline Christianity (ca. 45-60 CE),0.0026386628540408736,44
456,372614,0.1374935565253019,The Essenes,0.0026386628540408736,44
657,372614,0.2323083769401868,Trukese,0.0026386628540408736,44
948,372614,0.1016436632334664,Christianity in Ephesus,0.0026386628540408736,44
196,364422,0.0427451094018761,Pauline Christianity (ca. 45-60 CE),0.0013044316232767338,115
858,364422,0.0956212184405802,"The New Prophecy or """"""""""""""""Montanism""""""""""""""""",0.0013044316232767338,115
948,364422,0.0502478777932463,Christianity in Ephesus,0.0013044316232767338,115
196,370566,0.1857719143041671,Pauline Christianity (ca. 45-60 CE),0.005669110762046037,15
387,370566,0.498491950339561,Ahmadi; Ahmadiyya Muslim Jama'at; Ahmadiya,0.005669110762046037,15
456,370566,0.295401968393155,The Essenes,0.005669110762046037,15
948,370566,0.218379238654224,Christianity in Ephesus,0.005669110762046037,15
1309,370566,0.1495616212128616,Circumcellions,0.005669110762046037,15
1466,370566,0.1546507661896091,Islamic modernists,0.005669110762046037,15
196,362374,0.3928720256447396,Pauline Christianity (ca. 45-60 CE),0.011989083694549946,3
858,362374,0.8788584778243678,"The New Prophecy or """"""""""""""""Montanism""""""""""""""""",0.011989083694549946,3
873,362374,1.0,The Branch Davidians,0.011989083694549946,3
880,362374,1.0,Egyptian Salafism (inluding North Africa and West Asia),0.011989083694549946,3
897,362374,0.7190173315990923,Gaengjeongyudo,0.011989083694549946,3
948,362374,0.461830272730933,Christianity in Ephesus,0.011989083694549946,3
968,362374,1.0,"Anabaptist Mennonites in North America, 1683-2021",0.011989083694549946,3
988,362374,1.0,Churches of Christ- United States,0.011989083694549946,3
1309,362374,0.316294189596399,Circumcellions,0.011989083694549946,3
1311,362374,1.0,Jehovah's Witnesses,0.011989083694549946,3
196,362372,0.0669474761624619,Pauline Christianity (ca. 45-60 CE),0.0020430034272189215,69
200,1041286,1.0,Nechung Cult,0.003237069832592035,32
390,1041286,1.0,Dasara,0.003237069832592035,32
415,1041286,1.0,Shaiva World Renouncers,0.003237069832592035,32
440,1041286,1.0,"Jain Digambara Tantra, Karnataka",0.003237069832592035,32
636,1041286,0.6874202608919407,Balinese Śaiva priests (pedanda siwa),0.003237069832592035,32
1172,1041286,0.136982676231913,Twofold Mystery (Chongxuan 重玄),0.003237069832592035,32
224,769922,0.4231826453887502,Old Norse Fornsed,0.0024584266922579143,47
1101,769922,0.0937028394051573,Natchez,0.0024584266922579143,47
1227,769922,0.0567033406423831,Polytheistic Pre-Islamic South Arabia,0.0024584266922579143,47
227,516998,0.8392538085988933,Hindu Goddess Worship in Northwest India—Modern Period,0.0027806246424717366,40
420,516998,1.0,Swaminarayan Sampraday,0.0027806246424717366,40
441,516998,0.2334596441096716,Worshipers of Śītalā,0.0027806246424717366,40
493,516998,0.2535182750945004,Krishna Worship in North India - Modern Period,0.0027806246424717366,40
623,516998,0.3295199165720636,Diasporic American Hinduism,0.0027806246424717366,40
228,1027975,0.5315136934929949,Late Chosŏn Korea,0.014684650646678041,1
476,1027975,1.0,Cham Bani,0.014684650646678041,1
738,1027975,1.0,Ancient Egyptian,0.014684650646678041,1
788,1027975,1.0,The Late Bronze Age City-State of Ugarit,0.014684650646678041,1
970,1027975,1.0,Cult of Isis (Mysteries of Isis),0.014684650646678041,1
1006,1027975,1.0,Ancient Egypt - Old Kingdom,0.014684650646678041,1
1008,1027975,1.0,Ancient Egypt - First Intermediate Period,0.014684650646678041,1
1069,1027975,0.957603475636952,Religion at Deir el-Medina,0.014684650646678041,1
1125,1027975,1.0,Ancient Egypt - the Ramesside Period,0.014684650646678041,1
1149,1027975,0.3598524819772597,Christianity in Tang China,0.014684650646678041,1
1162,1027975,0.9351731194758872,Lingbao dafa,0.014684650646678041,1
1191,1027975,0.7547565405721944,Religion in Greco-Roman Alexandria,0.014684650646678041,1
1258,1027975,0.9351731194758872,Religion in Judah,0.014684650646678041,1
228,1025927,0.4071623264135215,Late Chosŏn Korea,0.01124907334104282,4
691,1025927,0.1699631737939298,Fur,0.01124907334104282,4
1043,1025927,1.0,Islam in Aceh,0.01124907334104282,4
1108,1025927,0.8398180772584959,Early Christianity and Monasticism in Egypt,0.01124907334104282,4
1149,1025927,0.2756624627385483,Christianity in Tang China,0.01124907334104282,4
228,1024903,0.0377452634374351,Late Chosŏn Korea,0.0010428254510302108,149
987,1024903,1.0,"Parsis, Zoroastrians of India",0.0010428254510302108,149
230,769926,1.0,Religion in Mesopotamia,0.00594277852674673,12
739,769926,0.2231424337296702,Lakalai,0.00594277852674673,12
757,769926,0.3250980325094836,Kiribati,0.00594277852674673,12
1101,769926,0.2265087763917536,Natchez,0.00594277852674673,12
1129,769926,1.0,Ancient Thessalians,0.00594277852674673,12
1227,769926,0.1370695315933414,Polytheistic Pre-Islamic South Arabia,0.00594277852674673,12
1337,769926,0.5500846620151998,Tell Afis (Syria),0.00594277852674673,12
257,769958,0.7384952648989451,Classic Zapotec,0.001255000085261481,119
671,769958,0.694843316065274,Mbau Fijians,0.001255000085261481,119
732,769958,0.1944585047620812,Marquesans,0.001255000085261481,119
1420,769958,0.6348851441178446,Creek,0.001255000085261481,119
354,1027974,0.980065234159946,Priests and Scholars of Hellenistic Uruk,0.013936349004677634,2
632,1027974,1.0,Local Religion at Selinous,0.013936349004677634,2
676,1027974,0.4095914734021835,"The Order of the Holy Trinity for the Redemption of Captives, 1198-1500",0.013936349004677634,2
843,1027974,0.2224959838692724,Bnay Qyāmā and Bnāt Qyāmā,0.013936349004677634,2
888,1027974,0.2887151197239102,Céli Dé monks,0.013936349004677634,2
900,1027974,0.3769659576039953,Pharisees,0.013936349004677634,2
931,1027974,1.0,The Society of Jesus (Jesuits) in Britain,0.013936349004677634,2
965,1027974,0.3332266825712809,Pachomian Monasticism,0.013936349004677634,2
1004,1027974,0.515035905251065,Religion in Roman Ostia,0.013936349004677634,2
1140,1027974,1.0,Early Medieval Confucianism,0.013936349004677634,2
1227,1027974,0.3214403534634539,Polytheistic Pre-Islamic South Arabia,0.013936349004677634,2
1268,1027974,0.1975361584343925,Monotheistic Pre-Islamic South Arabia,0.013936349004677634,2
358,1048454,0.2627785696252795,16th-17th c. Gauḍīya Vaiṣṇava Tradition,0.002805696869980867,38
850,1048454,0.7723762507159913,Pre-Christian Religion / Paganism in Gaul,0.002805696869980867,38
1172,1048454,0.1187283209265007,Twofold Mystery (Chongxuan 重玄),0.002805696869980867,38
358,1044358,0.7372214303747204,16th-17th c. Gauḍīya Vaiṣṇava Tradition,0.007871341497271728,8
590,1044358,0.5170369809805814,Huayan School (Early Tang),0.007871341497271728,8
960,1044358,0.4707085617672857,Bön (Bon),0.007871341497271728,8
1004,1044358,0.2908956637227522,Religion in Roman Ostia,0.007871341497271728,8
1172,1044358,0.3330905663435171,Twofold Mystery (Chongxuan 重玄),0.007871341497271728,8
387,501638,0.5015080496604389,Ahmadi; Ahmadiyya Muslim Jama'at; Ahmadiya,0.0057034114184713654,14
442,501638,1.0,Donatism,0.0057034114184713654,14
483,501638,1.0,Northern Irish Roman Catholics,0.0057034114184713654,14
927,501638,0.2867203553763268,Zealots,0.0057034114184713654,14
989,501638,1.0,Opus Dei,0.0057034114184713654,14
1038,501638,1.0,Sino-Muslims in Qing China,0.0057034114184713654,14
1321,501638,1.0,Mourides (Muridiyya),0.0057034114184713654,14
1466,501638,0.1555864725145759,Islamic modernists,0.0057034114184713654,14
389,896902,0.2873054395106248,Iban traditional religion,0.0031022473780054237,33
456,896902,0.1616496872914448,The Essenes,0.0031022473780054237,33
888,896902,0.0642683189731685,Céli Dé monks,0.0031022473780054237,33
965,896902,0.0741766442517499,Pachomian Monasticism,0.0031022473780054237,33
994,896902,0.1803229025277664,"Monastic Communities of Lower Egypt: Nitria, Kellia, Scetis",0.0031022473780054237,33
389,634758,0.6804907526769984,Iban traditional religion,0.007347757344396143,9
492,634758,0.5968302240813744,Roman Divination,0.007347757344396143,9
729,634758,0.3292708222230375,Kikuyu,0.007347757344396143,9
739,634758,0.2758972842255964,Lakalai,0.007347757344396143,9
748,634758,0.417890717855453,Lamet,0.007347757344396143,9
794,634758,0.8222769000972678,Omaha,0.007347757344396143,9
1251,634758,1.0,Tsonga,0.007347757344396143,9
1434,634758,0.2865219267914821,Kuna,0.007347757344396143,9
416,886662,1.0,Edinoverie,0.006040638809292991,11
984,886662,1.0,Calvinism (Early/Reformation),0.006040638809292991,11
994,886662,0.3511214260140406,"Monastic Communities of Lower Egypt: Nitria, Kellia, Scetis",0.006040638809292991,11
1309,886662,0.1593632178661344,Circumcellions,0.006040638809292991,11
419,1041280,1.0,The Worship of Jagannath in Puri (Odisha),0.001188082656019762,129
424,1032071,0.8949331782005875,Achaemenid Religion,0.004413117654503879,22
681,1032071,0.5081627067747115,Sargonic Empire,0.004413117654503879,22
1101,1032071,0.1682058107155709,Natchez,0.004413117654503879,22
1149,1032071,0.1081449861791664,Christianity in Tang China,0.004413117654503879,22
1191,1032071,0.2268238784968932,Religion in Greco-Roman Alexandria,0.004413117654503879,22
441,524166,0.1222499084365753,Worshipers of Śītalā,0.0014560593940551303,110
441,520070,0.2947360349883394,Worshipers of Śītalā,0.0035104580281463587,28
493,520070,0.3200594753041544,Krishna Worship in North India - Modern Period,0.0035104580281463587,28
891,520070,1.0,Peruvian Mormons,0.0035104580281463587,28
983,520070,1.0,Tibetan and Himalayan Mundane and Landscape Cults,0.0035104580281463587,28
441,518022,0.2350070136206914,Worshipers of Śītalā,0.002799054610570763,39
493,518022,0.2551985931248975,Krishna Worship in North India - Modern Period,0.002799054610570763,39
456,894854,0.3161781534531613,The Essenes,0.006067830157717711,10
691,894854,0.0916793446341437,Fur,0.006067830157717711,10
888,894854,0.1257053988718148,Céli Dé monks,0.006067830157717711,10
914,894854,1.0,Tariqa Shadhiliyya,0.006067830157717711,10
965,894854,0.1450855538407934,Pachomian Monasticism,0.006067830157717711,10
994,894854,0.3527019649827742,"Monastic Communities of Lower Egypt: Nitria, Kellia, Scetis",0.006067830157717711,10
1309,894854,0.1600805759005887,Circumcellions,0.006067830157717711,10
1370,894854,0.6930434407838744,Teda,0.006067830157717711,10
1466,894854,0.1655276501707977,Islamic modernists,0.006067830157717711,10
470,765831,0.6965283921951996,Archaic Spartan Cults,0.0030048739608806675,34
479,765831,0.2777422036053485,Mesopotamian city-state cults of the Early Dynastic periods,0.0030048739608806675,34
712,765831,0.2173908218309004,Huichol,0.0030048739608806675,34
757,765831,0.1643807872402842,Kiribati,0.0030048739608806675,34
1015,765831,0.2156771245721303,Ancient Egypt - Predynastic Period - Early Naqada Culture,0.0030048739608806675,34
470,765827,0.2875895806184492,Archaic Spartan Cults,0.0012406822922141397,121
479,765827,0.1146769675865865,Mesopotamian city-state cults of the Early Dynastic periods,0.0012406822922141397,121
712,765827,0.08975848792554,Huichol,0.0012406822922141397,121
1015,765827,0.0890509195313739,Ancient Egypt - Predynastic Period - Early Naqada Culture,0.0012406822922141397,121
479,769927,0.3774716446051036,Mesopotamian city-state cults of the Early Dynastic periods,0.004083839982260566,24
534,769927,1.0,Roman Imperial Cult,0.004083839982260566,24
681,769927,0.4702469641393729,Sargonic Empire,0.004083839982260566,24
757,769927,0.2234053208177139,Kiribati,0.004083839982260566,24
1051,769927,0.9873582503235138,Religion at Tell el-Dab'a (ancient Avaris) in Ancient Egypt,0.004083839982260566,24
1101,769927,0.1556554048242398,Natchez,0.004083839982260566,24
1189,769927,0.9074280873571596,Yādiya/Sam'al,0.004083839982260566,24
492,638854,0.4031697759186256,Roman Divination,0.004963545012493741,19
739,638854,0.1863736817769219,Lakalai,0.004963545012493741,19
1323,638854,0.695766833511838,Luguru,0.004963545012493741,19
563,385926,1.0,"Gaddi, a Hindu community of the Western Himalayas",0.002232641416409245,58
576,126854,0.4913517908919685,Kuy traditional religions,0.0012358299815101383,123
581,126854,0.2120763314923759,Mentawai (Rereiket),0.0012358299815101383,123
887,126854,0.8416542502802059,Postsocialist Mongolian Shamanism,0.0012358299815101383,123
1110,126854,0.0958478033336028,Twana,0.0012358299815101383,123
578,114566,0.4235707024720201,Gond,0.0018159689143334105,76
662,114566,0.5178599570416724,Goajiro,0.0018159689143334105,76
581,110470,0.3964436020207537,Mentawai (Rereiket),0.0023101912689051473,56
620,110470,0.2516501652945705,Papago,0.0023101912689051473,56
657,110470,0.2033896764336047,Trukese,0.0023101912689051473,56
590,1042310,0.3753143285238328,Huayan School (Early Tang),0.00571376392270338,13
1172,1042310,0.241788627977339,Twofold Mystery (Chongxuan 重玄),0.00571376392270338,13
590,1034118,0.0709203603735607,Huayan School (Early Tang),0.001079687519742114,140
1172,1034118,0.0456890007312705,Twofold Mystery (Chongxuan 重玄),0.001079687519742114,140
602,894850,0.2427896070715368,Amhara,0.001974147604922549,71
691,894850,0.0298275584395129,Fur,0.001974147604922549,71
1309,894850,0.0520816630153726,Circumcellions,0.001974147604922549,71
602,632706,0.2691361548904001,Amhara,0.0021883741317576186,59
609,632706,0.2665398391372098,Tallensi,0.0021883741317576186,59
602,894848,0.1997872712677517,Amhara,0.001624491129684282,90
691,894848,0.0245445700130559,Fur,0.001624491129684282,90
602,632704,0.2228577157182649,Amhara,0.0018120793185109143,77
607,100226,0.6652284160284968,Mohism,0.0010623587307424923,144
609,632710,0.2835858311792169,Tallensi,0.0023283269739129394,53
739,632710,0.0874251909505013,Lakalai,0.0023283269739129394,53
609,624518,0.2536037519429781,Tallensi,0.0020821648736082405,65
609,624514,0.1911299040981301,Tallensi,0.0015692353506612119,96
614,110466,0.340035489470124,!Kung,0.0015013934347846399,105
620,110466,0.1635474564903875,Papago,0.0015013934347846399,105
657,110466,0.1321829620822293,Trukese,0.0015013934347846399,105
614,110464,0.3980221873137076,!Kung,0.0017574280257117918,80
620,110464,0.1914374186745494,Papago,0.0017574280257117918,80
626,110464,0.5253871229690472,Barama River Carib,0.0017574280257117918,80
650,110464,0.611096066908103,Manus,0.0017574280257117918,80
657,110464,0.1547242959126369,Trukese,0.0017574280257117918,80
621,503687,0.2412858405564353,Haitians,0.002813793760920921,37
1041,503687,1.0,Korean Catholicism,0.002813793760920921,37
621,507782,0.134199398184435,Haitians,0.0015649879348903818,97
621,503686,0.3315401770643247,Haitians,0.003866309268570685,25
927,503686,0.1943660532517725,Zealots,0.003866309268570685,25
1295,503686,0.771751817680043,Donatism,0.003866309268570685,25
623,516992,0.203810357331402,Diasporic American Hinduism,0.0017198356563152659,83
633,385920,0.6968494883219917,Mādhva,0.0016655593824784637,87
637,108416,0.9063158038105498,Yahgan,0.0010546160566952967,145
650,108416,0.36671301180804,Manus,0.0010546160566952967,145
651,634752,0.566748332459158,Kapauku,0.0033169156031063324,31
721,634752,0.894062727803935,Semang,0.0033169156031063324,31
729,634752,0.1486390304808033,Kikuyu,0.0033169156031063324,31
651,634496,0.3130934913476393,Kapauku,0.0018323912523498442,75
723,634496,0.2193403126800116,Trumai,0.0018323912523498442,75
768,634496,0.351670057014129,Mundurucu,0.0018323912523498442,75
654,1025926,1.0,12th-13th c Cistercians,0.018716001655145944,0
661,1025926,1.0,Congregation of Savigny,0.018716001655145944,0
676,1025926,0.5500662111400858,"The Order of the Holy Trinity for the Redemption of Captives, 1198-1500",0.018716001655145944,0
691,1025926,0.2827816074800485,Fur,0.018716001655145944,0
843,1025926,0.2988038833530169,Bnay Qyāmā and Bnāt Qyāmā,0.018716001655145944,0
888,1025926,0.3877337354858641,Céli Dé monks,0.018716001655145944,0
899,1025926,1.0,Nahdlatul Ulama (NU),0.018716001655145944,0
900,1025926,0.5062513491935365,Pharisees,0.018716001655145944,0
943,1025926,1.0,Moravian Missionaries in Nunatsiavut,0.018716001655145944,0
963,1025926,1.0,The Knights Templar,0.018716001655145944,0
965,1025926,0.4475111193361757,Pachomian Monasticism,0.018716001655145944,0
966,1025926,1.0,"Naqshbandī Order, Naqshbandī Tarīqa, Naqshbandīyyah, Khwājagān,",0.018716001655145944,0
974,1025926,1.0,"Greek Chalcedonian Christians, Nicaea",0.018716001655145944,0
1268,1025926,0.2652837602566039,Monotheistic Pre-Islamic South Arabia,0.018716001655145944,0
1293,1025926,1.0,The Zapotec or Ben 'Zaa (The Cloud People),0.018716001655145944,0
1466,1025926,0.5105640227303798,Islamic modernists,0.018716001655145944,0
658,634498,0.8789624761407635,Mapuche,0.001210499436965837,127
677,634498,0.4423654778829155,Yapese,0.001210499436965837,127
723,634498,0.1448988171399394,Trumai,0.001210499436965837,127
748,634498,0.0688450169170424,Lamet,0.001210499436965837,127
667,651142,0.5828284830288251,Ainu,0.002445108531828025,48
717,651142,0.268526055523317,Igbo,0.002445108531828025,48
729,651142,0.1095712418039498,Kikuyu,0.002445108531828025,48
736,651142,0.4507084466533484,Jivaro,0.002445108531828025,48
1110,651142,0.1896363457711147,Twana,0.002445108531828025,48
1210,651142,0.4408920823591783,Mende,0.002445108531828025,48
1434,651142,0.0953457190972646,Kuna,0.002445108531828025,48
667,651138,0.2563729667388889,Ainu,0.001075547517934735,141
685,651138,0.1720736125461173,Badjau,0.001075547517934735,141
717,651138,0.1181184919848874,Igbo,0.001075547517934735,141
729,651138,0.0481978920874968,Kikuyu,0.001075547517934735,141
736,651138,0.1982563738174073,Jivaro,0.001075547517934735,141
1110,651138,0.0834167065998693,Twana,0.001075547517934735,141
1210,651138,0.1939383788841336,Mende,0.001075547517934735,141
1434,651138,0.0419404088554291,Kuna,0.001075547517934735,141
677,634502,0.4456793771857361,Yapese,0.0012195676700011635,126
748,634502,0.0693607566502963,Lamet,0.0012195676700011635,126
685,634754,0.8279263874538827,Badjau,0.005174960633897541,18
729,634754,0.2319025333892992,Kikuyu,0.005174960633897541,18
748,634754,0.2943167435738012,Lamet,0.005174960633897541,18
1434,634754,0.2017948637110645,Kuna,0.005174960633897541,18
686,782214,0.53453841955902,Popoluca,0.001473504194151267,109
1004,782214,0.0544552641636067,Religion in Roman Ostia,0.001473504194151267,109
1110,782214,0.1142812056069955,Twana,0.001473504194151267,109
1434,782214,0.0574585197979544,Kuna,0.001473504194151267,109
689,632322,0.1517924452027302,Lengua,0.0010447182852006802,148
737,632322,0.5149105643992297,Nama Hottentot,0.0010447182852006802,148
1228,632322,0.4071463547615468,Lesu,0.0010447182852006802,148
1240,632322,0.6360365121082296,Azande,0.0010447182852006802,148
1458,632322,0.3530127622162893,Mbuti,0.0010447182852006802,148
689,632448,0.2183887614036701,Lengua,0.0015030704065411486,104
768,632448,0.2884672445836678,Mundurucu,0.0015030704065411486,104
689,632320,0.1561690310309281,Lengua,0.0010748403326804597,142
764,632320,0.9567419607901484,Timbira (Canela),0.0010748403326804597,142
1228,632320,0.4188854829103287,Lesu,0.0010748403326804597,142
691,1025671,0.0167749474063106,Fur,0.0011102558833981028,136
691,1025923,0.0324177684557988,Fur,0.0021455815796565785,60
1108,1025923,0.160181922741504,Early Christianity and Monasticism in Egypt,0.0021455815796565785,60
1149,1025923,0.0525782243855268,Christianity in Tang China,0.0021455815796565785,60
691,1025921,0.0206822223804701,Fur,0.001368860272612627,113
691,1025670,0.0195344494887478,Fur,0.0012928945139742331,116
900,1025670,0.0349716570945277,Pharisees,0.0012928945139742331,116
691,1025922,0.1209516658287906,Fur,0.008005229187347414,7
843,1025922,0.1278047316079739,Bnay Qyāmā and Bnāt Qyāmā,0.008005229187347414,7
855,1025922,1.0,Middle-Class Migrant Muslims in the UAE,0.008005229187347414,7
1076,1025922,1.0,Inquisitors of Goa's Santo Ofício,0.008005229187347414,7
1268,1025922,0.1134674670191398,Monotheistic Pre-Islamic South Arabia,0.008005229187347414,7
691,1025920,0.0627680337111672,Fur,0.00415432472181327,23
839,1025920,1.0,19th century German Protestantism,0.00415432472181327,23
1371,1025920,1.0,Twelver Shi'ism in post-revolutionary Iran,0.00415432472181327,23
710,634370,0.5032422959161605,Hidatsa,0.001617233839734732,91
723,634370,0.1935856087662588,Trumai,0.001617233839734732,91
712,765830,0.2733083055488762,Huichol,0.0037777906340271264,26
739,765830,0.1418503806601462,Lakalai,0.0037777906340271264,26
757,765830,0.2066629770615571,Kiribati,0.0037777906340271264,26
1004,765830,0.1396131668625761,Religion in Roman Ostia,0.0037777906340271264,26
1015,765830,0.2711538093743204,Ancient Egypt - Predynastic Period - Early Naqada Culture,0.0037777906340271264,26
1227,765830,0.0871343245139041,Polytheistic Pre-Islamic South Arabia,0.0037777906340271264,26
1248,765830,1.0,Religion in the Old Assyrian Period,0.0037777906340271264,26
1337,765830,0.3496857025261921,Tell Afis (Syria),0.0037777906340271264,26
1434,765830,0.1473129556056703,Kuna,0.0037777906340271264,26
712,765826,0.2530577047329395,Huichol,0.0034978776985521865,29
1015,765826,0.2510628445485992,Ancient Egypt - Predynastic Period - Early Naqada Culture,0.0034978776985521865,29
1227,765826,0.0806781635145018,Polytheistic Pre-Islamic South Arabia,0.0034978776985521865,29
1434,765826,0.1363978981470423,Kuna,0.0034978776985521865,29
712,765824,0.1022906368219667,Huichol,0.0014139073050072014,112
714,1041287,1.0,Tamil Śaiva Bhakti,0.00186478294894045,74
926,1041287,1.0,Ladakhi Buddhism,0.00186478294894045,74
1231,1041287,0.1147250101431992,"Shenxiao 神霄 (""""""""""""""""Divine Empyrean"""""""""""""""") Daoism",0.00186478294894045,74
717,655238,0.1858765033669107,Igbo,0.0016925293277893075,86
733,655238,0.5009894962448109,Kaska,0.0016925293277893075,86
1210,655238,0.3051900437421946,Mende,0.0016925293277893075,86
1246,655238,0.5889446904430881,Shilluk,0.0016925293277893075,86
1323,655238,0.237250950290112,Luguru,0.0016925293277893075,86
722,638850,0.9231316079895452,Gros Ventre,0.0015618711099241538,98
723,634368,0.1541663416501761,Trumai,0.0012879212781039485,117
744,913286,0.2566501140179848,Rwala Bedouin,0.0014948788995087176,106
744,911238,0.2713363185132728,Rwala Bedouin,0.001580419859807444,93
1247,911238,1.0,Exovedate,0.001580419859807444,93
1370,911238,0.18050927416467,Teda,0.001580419859807444,93
748,634759,0.0903209536703072,Lamet,0.001588110054441123,92
794,634759,0.1777230999027322,Omaha,0.001588110054441123,92
769,1041926,0.4672283839434575,Wogeo,0.0011051031367419308,138
802,378758,0.3318312637602994,Chinese Nunnery in Myanmar,0.002125456562274299,62
1178,378758,1.0,Modern Mystery School (MMS),0.002125456562274299,62
802,377734,0.3194629986805819,Chinese Nunnery in Myanmar,0.0020462349425880264,67
812,360960,0.8119270091996018,Temple of the Jedi Order,0.0014859581778579878,108
1304,360960,1.0,Peyote Religion (Peyotism) and the Native American Church,0.0014859581778579878,108
1392,360960,0.2207048111389293,Messalians,0.0014859581778579878,108
842,362242,1.0,American Evangelicalism,0.0012198912637460058,124
915,362242,1.0,Protestantism welcoming People with Disabilities,0.0012198912637460058,124
843,1019782,0.0232115747151613,Bnay Qyāmā and Bnāt Qyāmā,0.0014538896413011366,111
1227,1019782,0.0335338043012436,Polytheistic Pre-Islamic South Arabia,0.0014538896413011366,111
1268,1019782,0.0206076766901997,Monotheistic Pre-Islamic South Arabia,0.0014538896413011366,111
843,1017734,0.1333528494930926,Bnay Qyāmā and Bnāt Qyāmā,0.008352743357362899,6
1218,1017734,0.9044479886584804,Yiguan Dao/I-Kuan Tao 一貫道,0.008352743357362899,6
1268,1017734,0.1183931914052997,Monotheistic Pre-Islamic South Arabia,0.008352743357362899,6
843,1024902,0.0308415878595097,Bnay Qyāmā and Bnāt Qyāmā,0.0019318062501348164,72
900,1024902,0.0522536564449577,Pharisees,0.0019318062501348164,72
1268,1024902,0.0273817472110593,Monotheistic Pre-Islamic South Arabia,0.0019318062501348164,72
843,1027970,0.0713111620340024,Bnay Qyāmā and Bnāt Qyāmā,0.0044666749698227945,21
1196,1027970,0.6803300326449868,K’iche’ (Quiché),0.0044666749698227945,21
1227,1027970,0.1030233657770981,Polytheistic Pre-Islamic South Arabia,0.0044666749698227945,21
1268,1027970,0.0633114034542119,Monotheistic Pre-Islamic South Arabia,0.0044666749698227945,21
843,1017730,0.0457360190326553,Bnay Qyāmā and Bnāt Qyāmā,0.0028647399033420937,36
906,1017730,0.6260321919984919,The Church of England,0.0028647399033420937,36
1268,1017730,0.0406053059685842,Monotheistic Pre-Islamic South Arabia,0.0028647399033420937,36
1374,1017730,1.0,The Reformed Church (Early Orthodoxy),0.0028647399033420937,36
1522,1017730,1.0,Tijaniyya Order/ الطريقة التيجانية,0.0028647399033420937,36
852,1044359,0.8214585883507444,Pre-Christian Religion / Paganism in Ireland,0.008850983390379777,5
960,1044359,0.5292914382327143,Bön (Bon),0.008850983390379777,5
1231,1044359,0.5445294101469362,"Shenxiao 神霄 (""""""""""""""""Divine Empyrean"""""""""""""""") Daoism",0.008850983390379777,5
857,362368,1.0,Wesleyanism,0.005485879705086466,16
879,362368,1.0,Free Methodist Church,0.005485879705086466,16
892,362368,0.9687860141983686,Charismatic Renewal Movement in Christianity - Second Wave Pentecostalism,0.005485879705086466,16
942,362368,1.0,African Methodist Episcopal Church,0.005485879705086466,16
950,362368,1.0,The Religious Society of Friends,0.005485879705086466,16
975,362368,1.0,Neo-Charismatic Movement - Third Wave Charismatic Movement,0.005485879705086466,16
1334,362368,1.0,No-debt Movement in US Evangelicalism,0.005485879705086466,16
859,362246,0.8350239482605285,Valentinians,0.0026258611197188643,45
897,362246,0.1574798961749125,Gaengjeongyudo,0.0026258611197188643,45
862,516608,1.0,Ilm-e-Khshnoom,0.001333070860115828,114
869,1042311,1.0,Sichuan Esoteric Buddhist Cult,0.0036648325140518703,27
1231,1042311,0.2254674988242578,"Shenxiao 神霄 (""""""""""""""""Divine Empyrean"""""""""""""""") Daoism",0.0036648325140518703,27
870,520071,0.491052502374687,Postsocialist Mongolian Buddhism,0.00272638775498785,41
934,520071,0.4477733650695113,Mongolian Buddhism during the Revolutionary Period,0.00272638775498785,41
1241,520071,0.6103205807677562,Taiping 太平 Movement,0.00272638775498785,41
870,518023,0.2233390083888919,Postsocialist Mongolian Buddhism,0.001240007401933549,122
934,518023,0.2036549225469074,Mongolian Buddhism during the Revolutionary Period,0.001240007401933549,122
1241,518023,0.2775841537286294,Taiping 太平 Movement,0.001240007401933549,122
870,516999,0.1992691006741003,Postsocialist Mongolian Buddhism,0.0011063681243818739,137
934,516999,0.1817064271777889,Mongolian Buddhism during the Revolutionary Period,0.0011063681243818739,137
871,99840,1.0,Spiritualism,0.0011896778778358245,128
883,501634,0.996348894154604,Catholics in the People's Republic of China (PRC),0.0022510737590739423,57
977,501634,1.0,Chishti Sufis,0.0022510737590739423,57
884,886658,1.0,Sub Saharan Africa Pentecostalism,0.00157588469709042,94
1309,886658,0.0415747513206672,Circumcellions,0.00157588469709042,94
886,388998,1.0,Pushtimarg (The Path of Grace) in the UK and Gujarat,0.0020440002393751428,68
888,1032070,0.1004293422875098,Céli Dé monks,0.004847748762750563,20
993,1032070,1.0,Pontifex Maximus and Pontifices (Pontifical College),0.004847748762750563,20
1101,1032070,0.1847717587931684,Natchez,0.004847748762750563,20
1227,1032070,0.1118127908017762,Polytheistic Pre-Islamic South Arabia,0.004847748762750563,20
1268,1032070,0.0687128075888033,Monotheistic Pre-Islamic South Arabia,0.004847748762750563,20
897,361990,0.1040346579329157,Gaengjeongyudo,0.0017347011904673484,82
906,493442,0.3739678080015081,The Church of England,0.0017112866012964963,84
935,493442,1.0,Nigerian Pentecostalism,0.0017112866012964963,84
1127,493442,1.0,Anglican Church of Korea,0.0017112866012964963,84
1376,493442,0.532483749185873,African Initiated Churches,0.0017112866012964963,84
918,626566,0.5642040338202713,Fangshi,0.001536003896531119,100
928,100230,1.0,The Ghost Dance Movement and the Lakota Sioux,0.0015275797567237922,102
941,1044354,0.8626230052958518,Chan Buddhists in early Qing period,0.0015756628958852787,95
1024,1044354,0.3437747621260892,Universal Salvation Ritual,0.0015756628958852787,95
944,1017735,0.7661955133022272,Mohyla's Ukrainian Church,0.003335903594105115,30
972,1017735,0.8673471449739456,Nestorian Christianity,0.003335903594105115,30
1012,1017735,0.8357619623609153,Inhabitants of Medieval Kurgus,0.003335903594105115,30
1149,1017735,0.0817474801994794,Christianity in Tang China,0.003335903594105115,30
953,361344,0.9692899980714264,Sachchai,0.002351545682706002,52
958,503682,1.0,Society of Jesus,0.001143473902647708,132
1295,503682,0.2282481823199569,Donatism,0.001143473902647708,132
1010,385536,0.6617756794466398,Pythagoreanism,0.002315582326565988,54
1024,1042306,0.3330219704538295,Universal Salvation Ritual,0.0015263783737744041,103
1349,1042306,0.6180317131801871,The Dingxiang Wang Cult,0.0015263783737744041,103
1149,1027971,0.0514312912720348,Christianity in Tang China,0.0020987782006880794,64
1196,1027971,0.3196699673550133,K’iche’ (Quiché),0.0020987782006880794,64
1192,1048455,1.0,Kaharingan,0.002725676534701891,42
1307,362370,1.0,Southern Baptists,0.0028861698866625026,35
1309,362370,0.0761424966742393,Circumcellions,0.0028861698866625026,35
1309,370562,0.0449014844137369,Circumcellions,0.0017019840147324368,85
1333,1027968,0.9043180547142796,Cult of Thecla,0.0017942491965004654,78
1392,370176,0.1726728045014555,Messalians,0.0011625689744529245,130
1392,361984,0.3983815520065612,Messalians,0.0026822175831013864,43
1511,1025542,0.4622631019606552,Sokoto,0.00152956801989434,101
1511,1025538,0.5377368980393449,Sokoto,0.0017793009194754452,79
1517,624512,0.4471587124281366,Tunisian Women's Associations,0.0016435189498907926,88
1517,100224,0.5528412875718632,Tunisian Women's Associations,0.0020319522065723036,70
